{"cameraMode":{"drawMode":0,"name":"Shaded","section":"Shading Mode"},"sceneLighting":true,"audioPlay":false,"sceneViewState":{"showFog":true,"showMaterialUpdate":false,"showSkybox":true,"showFlares":true,"showImageEffects":true,"showParticleSystems":true,"showVisualEffectGraphs":true,"m_FxEnabled":true},"in2DMode":false,"pivot":{"x":2.3922455310821535,"y":-3.004936456680298,"z":-0.270293653011322},"rotation":{"x":0.010242613032460213,"y":-0.9412242770195007,"z":0.33666178584098818,"w":0.02913975901901722},"size":11.961860656738282,"orthographic":false}