{"cameraMode":{"drawMode":0,"name":"Shaded","section":"Shading Mode"},"sceneLighting":true,"audioPlay":false,"sceneViewState":{"showFog":true,"showMaterialUpdate":false,"showSkybox":true,"showFlares":true,"showImageEffects":true,"showParticleSystems":true,"showVisualEffectGraphs":true,"m_FxEnabled":true},"in2DMode":false,"pivot":{"x":-15.738334655761719,"y":12.433079719543457,"z":-10.357500076293946},"rotation":{"x":-0.13654644787311555,"y":-0.6234946846961975,"z":0.13299931585788728,"w":-0.7606948018074036},"size":1.5380878448486329,"orthographic":false}