{"cameraMode":{"drawMode":0,"name":"Shaded","section":"Shading Mode"},"sceneLighting":true,"audioPlay":false,"sceneViewState":{"showFog":true,"showMaterialUpdate":false,"showSkybox":true,"showFlares":true,"showImageEffects":true,"showParticleSystems":true,"showVisualEffectGraphs":true,"m_FxEnabled":true},"in2DMode":false,"pivot":{"x":494.1522521972656,"y":249.63629150390626,"z":1413.1075439453125},"rotation":{"x":0.013598838821053505,"y":-0.05785057693719864,"z":0.016795527189970018,"w":-0.9998471140861511},"size":953.0872192382813,"orthographic":false}