{"cameraMode":{"drawMode":0,"name":"Shaded","section":"Shading Mode"},"sceneLighting":true,"audioPlay":false,"sceneViewState":{"showFog":true,"showMaterialUpdate":false,"showSkybox":true,"showFlares":true,"showImageEffects":true,"showParticleSystems":true,"showVisualEffectGraphs":true,"m_FxEnabled":true},"in2DMode":false,"pivot":{"x":0.551062285900116,"y":0.9127398729324341,"z":-13.496240615844727},"rotation":{"x":0.007090192288160324,"y":-0.9720264077186585,"z":0.23886366188526154,"w":-0.04253732040524483},"size":1.5380878448486329,"orthographic":false}