{"cameraMode":{"drawMode":0,"name":"Shaded","section":"Shading Mode"},"sceneLighting":true,"audioPlay":false,"sceneViewState":{"showFog":true,"showMaterialUpdate":false,"showSkybox":true,"showFlares":true,"showImageEffects":true,"showParticleSystems":true,"showVisualEffectGraphs":true,"m_FxEnabled":true},"in2DMode":false,"pivot":{"x":-6.443201065063477,"y":-112.50199890136719,"z":114.96155548095703},"rotation":{"x":-0.3590346574783325,"y":0.026384159922599794,"z":-0.003510703332722187,"w":-0.9338627457618713},"size":88.53765869140625,"orthographic":false}